log_strain,stress_MPa,log_J
0.0,-0.0019553734578569956,1.7019345819385956e-05
0.0125,0.040688579519645336,0.0001231983560276884
0.025,0.08765615304553963,0.00026346101137199286
0.037500000000000006,0.1263533105365598,0.00039873040726046805
0.05,0.16144049456183604,0.0005430011859851291
0.0625,0.20863531378365632,0.0006908918791922897
0.07500000000000001,0.24938387171157,0.000834991824578106
0.08750000000000001,0.29464049329072545,0.001021829544057785
0.1,0.33266748257038387,0.0011146874842318073
0.1125,0.38189226692193873,0.0012643461817805626
0.125,0.42594604721392937,0.0014258015460312085
0.1375,0.47445862729416777,0.001545329162642005
0.15000000000000002,0.5156135299139836,0.0017060768699409614
0.1625,0.5615884679407572,0.0018641190672007292
0.17500000000000002,0.6014537738406834,0.00203112937244266
0.1875,0.659072646344394,0.002142555836165848
0.2,0.6934761857909654,0.00235101601387107
0.21250000000000002,0.7499871345688681,0.002472773038166269
0.225,0.7937235188642349,0.0026410147045800286
0.23750000000000002,0.8406989923225462,0.0028139837559745364
0.25,0.890619643147928,0.0029713268382560976
0.2625,0.9404639296530913,0.0031420590217058654
0.275,0.9941803597693081,0.0032888362043586175
0.28750000000000003,1.0439626166877487,0.0034512512787362357
0.30000000000000004,1.1007119443774374,0.003626055668807936
0.3125,1.1434909835720357,0.003769742181514704
0.325,1.2024563800023877,0.0039857537312657215
0.3375,1.2540721431070725,0.004119692715069341
0.35000000000000003,1.3141825489166326,0.00428567534643692
0.36250000000000004,1.3614588792165483,0.004529668299084924
0.375,1.423619681695158,0.004665480361944419
0.3875,1.4830271696014012,0.004826332509470531
0.4,1.536627054530425,0.0050707282909627765
0.41250000000000003,1.6036857410640337,0.005212942291375907
0.42500000000000004,1.6619137702227245,0.005428739076526083
0.4375,1.7260739080785656,0.005580995703017993
0.45,1.788666254799712,0.005784842065569545
0.4625,1.8466762664206378,0.005950438680058019
0.47500000000000003,1.9121741024322922,0.006142594334558875
0.48750000000000004,1.980067112703396,0.0063599910148083956
0.5,2.050222690713659,0.006578896295046854
